customer_id_nat,loyalty_tier,is_vip_flag,source_system
CUST000000,Silver,0,CRM
CUST000001,Silver,0,CRM
CUST000002,Silver,0,CRM
CUST000003,None,0,CRM
CUST000004,Gold,1,CRM
CUST000005,None,0,CRM
CUST000006,Gold,1,CRM
CUST000007,None,0,CRM
CUST000008,Silver,0,CRM
CUST000009,None,0,CRM
CUST000010,None,0,CRM
CUST000011,Gold,1,CRM
CUST000012,None,0,CRM
CUST000013,None,0,CRM
CUST000014,Silver,0,CRM
CUST000015,Gold,1,CRM
CUST000016,Silver,0,CRM
CUST000017,Platinum,1,CRM
CUST000018,Gold,1,CRM
CUST000019,None,0,CRM
CUST000020,None,0,CRM
CUST000021,None,0,CRM
CUST000022,None,0,CRM
CUST000023,Silver,0,CRM
CUST000024,Gold,1,CRM
CUST000025,None,0,CRM
CUST000026,Silver,0,CRM
CUST000027,Silver,0,CRM
CUST000028,Silver,0,CRM
CUST000029,None,0,CRM
CUST000030,None,0,CRM
CUST000031,Silver,0,CRM
CUST000032,Silver,0,CRM
CUST000033,None,0,CRM
CUST000034,None,0,CRM
CUST000035,None,0,CRM
CUST000036,Platinum,1,CRM
CUST000037,Silver,0,CRM
CUST000038,Platinum,1,CRM
CUST000039,Silver,0,CRM
CUST000040,None,0,CRM
CUST000041,Silver,0,CRM
CUST000042,None,0,CRM
CUST000043,Silver,0,CRM
CUST000044,None,0,CRM
CUST000045,None,0,CRM
CUST000046,Gold,1,CRM
CUST000047,None,0,CRM
CUST000048,Gold,1,CRM
CUST000049,None,0,CRM
CUST000050,None,0,CRM
CUST000051,None,0,CRM
CUST000052,None,0,CRM
CUST000053,None,0,CRM
CUST000054,Silver,0,CRM
CUST000055,None,0,CRM
CUST000056,None,0,CRM
CUST000057,Platinum,1,CRM
CUST000058,None,0,CRM
CUST000059,Gold,1,CRM
CUST000060,Silver,0,CRM
CUST000061,None,0,CRM
CUST000062,Silver,0,CRM
CUST000063,None,0,CRM
CUST000064,None,0,CRM
CUST000065,Silver,0,CRM
CUST000066,None,0,CRM
CUST000067,None,0,CRM
CUST000068,None,0,CRM
CUST000069,None,0,CRM
CUST000070,None,0,CRM
CUST000071,Silver,0,CRM
CUST000072,None,0,CRM
CUST000073,None,0,CRM
CUST000074,None,0,CRM
CUST000075,None,0,CRM
CUST000076,None,0,CRM
CUST000077,Silver,0,CRM
CUST000078,None,0,CRM
CUST000079,None,0,CRM
CUST000080,Silver,0,CRM
CUST000081,Gold,1,CRM
CUST000082,None,0,CRM
CUST000083,None,0,CRM
CUST000084,None,0,CRM
CUST000085,None,0,CRM
CUST000086,Silver,0,CRM
CUST000087,Platinum,1,CRM
CUST000088,None,0,CRM
CUST000089,None,0,CRM
CUST000090,None,0,CRM
CUST000091,None,0,CRM
CUST000092,Platinum,1,CRM
CUST000093,None,0,CRM
CUST000094,None,0,CRM
CUST000095,None,0,CRM
CUST000096,Silver,0,CRM
CUST000097,Gold,1,CRM
CUST000098,None,0,CRM
CUST000099,None,0,CRM
CUST000100,Silver,0,CRM
CUST000101,None,0,CRM
CUST000102,Gold,1,CRM
CUST000103,None,0,CRM
CUST000104,None,0,CRM
CUST000105,Silver,0,CRM
CUST000106,None,0,CRM
CUST000107,None,0,CRM
CUST000108,None,0,CRM
CUST000109,Silver,0,CRM
CUST000110,None,0,CRM
CUST000111,None,0,CRM
CUST000112,None,0,CRM
CUST000113,None,0,CRM
CUST000114,None,0,CRM
CUST000115,Silver,0,CRM
CUST000116,Gold,1,CRM
CUST000117,None,0,CRM
CUST000118,None,0,CRM
CUST000119,None,0,CRM
CUST000120,Silver,0,CRM
CUST000121,None,0,CRM
CUST000122,Silver,0,CRM
CUST000123,Silver,0,CRM
CUST000124,Silver,0,CRM
CUST000125,None,0,CRM
CUST000126,Silver,0,CRM
CUST000127,None,0,CRM
CUST000128,None,0,CRM
CUST000129,None,0,CRM
CUST000130,None,0,CRM
CUST000131,None,0,CRM
CUST000132,Silver,0,CRM
CUST000133,Silver,0,CRM
CUST000134,None,0,CRM
CUST000135,None,0,CRM
CUST000136,Silver,0,CRM
CUST000137,None,0,CRM
CUST000138,None,0,CRM
CUST000139,Gold,1,CRM
CUST000140,None,0,CRM
CUST000141,None,0,CRM
CUST000142,None,0,CRM
CUST000143,None,0,CRM
CUST000144,None,0,CRM
CUST000145,Silver,0,CRM
CUST000146,Silver,0,CRM
CUST000147,None,0,CRM
CUST000148,None,0,CRM
CUST000149,None,0,CRM
CUST000150,None,0,CRM
CUST000151,None,0,CRM
CUST000152,None,0,CRM
CUST000153,Silver,0,CRM
CUST000154,None,0,CRM
CUST000155,None,0,CRM
CUST000156,Silver,0,CRM
CUST000157,Silver,0,CRM
CUST000158,None,0,CRM
CUST000159,None,0,CRM
CUST000160,None,0,CRM
CUST000161,Gold,1,CRM
CUST000162,None,0,CRM
CUST000163,None,0,CRM
CUST000164,None,0,CRM
CUST000165,Silver,0,CRM
CUST000166,None,0,CRM
CUST000167,None,0,CRM
CUST000168,Silver,0,CRM
CUST000169,None,0,CRM
CUST000170,None,0,CRM
CUST000171,None,0,CRM
CUST000172,Gold,1,CRM
CUST000173,Silver,0,CRM
CUST000174,None,0,CRM
CUST000175,Silver,0,CRM
CUST000176,None,0,CRM
CUST000177,None,0,CRM
CUST000178,Gold,1,CRM
CUST000179,None,0,CRM
CUST000180,Platinum,1,CRM
CUST000181,Silver,0,CRM
CUST000182,Silver,0,CRM
CUST000183,None,0,CRM
CUST000184,None,0,CRM
CUST000185,None,0,CRM
CUST000186,Silver,0,CRM
CUST000187,None,0,CRM
CUST000188,Silver,0,CRM
CUST000189,None,0,CRM
CUST000190,Silver,0,CRM
CUST000191,Gold,1,CRM
CUST000192,Silver,0,CRM
CUST000193,None,0,CRM
CUST000194,None,0,CRM
CUST000195,None,0,CRM
CUST000196,None,0,CRM
CUST000197,Silver,0,CRM
CUST000198,None,0,CRM
CUST000199,Silver,0,CRM
CUST000200,None,0,CRM
CUST000201,None,0,CRM
CUST000202,Gold,1,CRM
CUST000203,Platinum,1,CRM
CUST000204,None,0,CRM
CUST000205,Silver,0,CRM
CUST000206,None,0,CRM
CUST000207,None,0,CRM
CUST000208,Silver,0,CRM
CUST000209,None,0,CRM
CUST000210,None,0,CRM
CUST000211,Gold,1,CRM
CUST000212,Silver,0,CRM
CUST000213,None,0,CRM
CUST000214,Silver,0,CRM
CUST000215,None,0,CRM
CUST000216,Gold,1,CRM
CUST000217,None,0,CRM
CUST000218,Silver,0,CRM
CUST000219,None,0,CRM
CUST000220,None,0,CRM
CUST000221,None,0,CRM
CUST000222,None,0,CRM
CUST000223,Silver,0,CRM
CUST000224,None,0,CRM
CUST000225,None,0,CRM
CUST000226,None,0,CRM
CUST000227,None,0,CRM
CUST000228,Gold,1,CRM
CUST000229,None,0,CRM
CUST000230,Silver,0,CRM
CUST000231,None,0,CRM
CUST000232,Gold,1,CRM
CUST000233,None,0,CRM
CUST000234,None,0,CRM
CUST000235,Silver,0,CRM
CUST000236,Gold,1,CRM
CUST000237,None,0,CRM
CUST000238,None,0,CRM
CUST000239,None,0,CRM
CUST000240,None,0,CRM
CUST000241,Gold,1,CRM
CUST000242,Gold,1,CRM
CUST000243,None,0,CRM
CUST000244,None,0,CRM
CUST000245,None,0,CRM
CUST000246,None,0,CRM
CUST000247,None,0,CRM
CUST000248,Silver,0,CRM
CUST000249,Platinum,1,CRM
CUST000250,None,0,CRM
CUST000251,None,0,CRM
CUST000252,Silver,0,CRM
CUST000253,None,0,CRM
CUST000254,None,0,CRM
CUST000255,None,0,CRM
CUST000256,Silver,0,CRM
CUST000257,None,0,CRM
CUST000258,None,0,CRM
CUST000259,Silver,0,CRM
CUST000260,Silver,0,CRM
CUST000261,Silver,0,CRM
CUST000262,None,0,CRM
CUST000263,Gold,1,CRM
CUST000264,None,0,CRM
CUST000265,None,0,CRM
CUST000266,None,0,CRM
CUST000267,None,0,CRM
CUST000268,None,0,CRM
CUST000269,None,0,CRM
CUST000270,Platinum,1,CRM
CUST000271,None,0,CRM
CUST000272,None,0,CRM
CUST000273,Gold,1,CRM
CUST000274,None,0,CRM
CUST000275,None,0,CRM
CUST000276,None,0,CRM
CUST000277,None,0,CRM
CUST000278,None,0,CRM
CUST000279,Silver,0,CRM
CUST000280,None,0,CRM
CUST000281,None,0,CRM
CUST000282,None,0,CRM
CUST000283,Silver,0,CRM
CUST000284,Silver,0,CRM
CUST000285,None,0,CRM
CUST000286,None,0,CRM
CUST000287,Silver,0,CRM
CUST000288,None,0,CRM
CUST000289,Silver,0,CRM
CUST000290,None,0,CRM
CUST000291,Gold,1,CRM
CUST000292,Silver,0,CRM
CUST000293,None,0,CRM
CUST000294,None,0,CRM
CUST000295,None,0,CRM
CUST000296,Silver,0,CRM
CUST000297,None,0,CRM
CUST000298,Silver,0,CRM
CUST000299,None,0,CRM
CUST000300,None,0,CRM
CUST000301,Silver,0,CRM
CUST000302,None,0,CRM
CUST000303,Platinum,1,CRM
CUST000304,None,0,CRM
CUST000305,None,0,CRM
CUST000306,Gold,1,CRM
CUST000307,None,0,CRM
CUST000308,None,0,CRM
CUST000309,Silver,0,CRM
CUST000310,Gold,1,CRM
CUST000311,None,0,CRM
CUST000312,Gold,1,CRM
CUST000313,None,0,CRM
CUST000314,None,0,CRM
CUST000315,None,0,CRM
CUST000316,Platinum,1,CRM
CUST000317,Gold,1,CRM
CUST000318,None,0,CRM
CUST000319,None,0,CRM
CUST000320,Platinum,1,CRM
CUST000321,None,0,CRM
CUST000322,None,0,CRM
CUST000323,None,0,CRM
CUST000324,None,0,CRM
CUST000325,None,0,CRM
CUST000326,None,0,CRM
CUST000327,None,0,CRM
CUST000328,None,0,CRM
CUST000329,None,0,CRM
CUST000330,None,0,CRM
CUST000331,None,0,CRM
CUST000332,None,0,CRM
CUST000333,None,0,CRM
CUST000334,Silver,0,CRM
CUST000335,None,0,CRM
CUST000336,None,0,CRM
CUST000337,Silver,0,CRM
CUST000338,Silver,0,CRM
CUST000339,None,0,CRM
CUST000340,None,0,CRM
CUST000341,Silver,0,CRM
CUST000342,Silver,0,CRM
CUST000343,Gold,1,CRM
CUST000344,Silver,0,CRM
CUST000345,None,0,CRM
CUST000346,None,0,CRM
CUST000347,None,0,CRM
CUST000348,None,0,CRM
CUST000349,Silver,0,CRM
CUST000350,None,0,CRM
CUST000351,None,0,CRM
CUST000352,None,0,CRM
CUST000353,None,0,CRM
CUST000354,Silver,0,CRM
CUST000355,None,0,CRM
CUST000356,None,0,CRM
CUST000357,None,0,CRM
CUST000358,None,0,CRM
CUST000359,Silver,0,CRM
CUST000360,None,0,CRM
CUST000361,None,0,CRM
CUST000362,Platinum,1,CRM
CUST000363,Silver,0,CRM
CUST000364,None,0,CRM
CUST000365,None,0,CRM
CUST000366,None,0,CRM
CUST000367,None,0,CRM
CUST000368,Silver,0,CRM
CUST000369,Silver,0,CRM
CUST000370,None,0,CRM
CUST000371,Gold,1,CRM
CUST000372,None,0,CRM
CUST000373,None,0,CRM
CUST000374,Silver,0,CRM
CUST000375,Silver,0,CRM
CUST000376,Silver,0,CRM
CUST000377,Platinum,1,CRM
CUST000378,Gold,1,CRM
CUST000379,None,0,CRM
CUST000380,None,0,CRM
CUST000381,None,0,CRM
CUST000382,None,0,CRM
CUST000383,None,0,CRM
CUST000384,None,0,CRM
CUST000385,Silver,0,CRM
CUST000386,None,0,CRM
CUST000387,None,0,CRM
CUST000388,Silver,0,CRM
CUST000389,None,0,CRM
CUST000390,None,0,CRM
CUST000391,Silver,0,CRM
CUST000392,None,0,CRM
CUST000393,None,0,CRM
CUST000394,None,0,CRM
CUST000395,None,0,CRM
CUST000396,Silver,0,CRM
CUST000397,Gold,1,CRM
CUST000398,Silver,0,CRM
CUST000399,Gold,1,CRM
CUST000400,None,0,CRM
CUST000401,None,0,CRM
CUST000402,Gold,1,CRM
CUST000403,Silver,0,CRM
CUST000404,None,0,CRM
CUST000405,Silver,0,CRM
CUST000406,None,0,CRM
CUST000407,None,0,CRM
CUST000408,None,0,CRM
CUST000409,Gold,1,CRM
CUST000410,None,0,CRM
CUST000411,Platinum,1,CRM
CUST000412,None,0,CRM
CUST000413,Silver,0,CRM
CUST000414,None,0,CRM
CUST000415,None,0,CRM
CUST000416,Silver,0,CRM
CUST000417,Silver,0,CRM
CUST000418,Silver,0,CRM
CUST000419,Silver,0,CRM
CUST000420,Silver,0,CRM
CUST000421,Silver,0,CRM
CUST000422,None,0,CRM
CUST000423,Gold,1,CRM
CUST000424,None,0,CRM
CUST000425,None,0,CRM
CUST000426,Platinum,1,CRM
CUST000427,None,0,CRM
CUST000428,None,0,CRM
CUST000429,Silver,0,CRM
CUST000430,Silver,0,CRM
CUST000431,None,0,CRM
CUST000432,None,0,CRM
CUST000433,None,0,CRM
CUST000434,None,0,CRM
CUST000435,Silver,0,CRM
CUST000436,None,0,CRM
CUST000437,Silver,0,CRM
CUST000438,Silver,0,CRM
CUST000439,Gold,1,CRM
CUST000440,Silver,0,CRM
CUST000441,Silver,0,CRM
CUST000442,None,0,CRM
CUST000443,Gold,1,CRM
CUST000444,None,0,CRM
CUST000445,Silver,0,CRM
CUST000446,Silver,0,CRM
CUST000447,Silver,0,CRM
CUST000448,None,0,CRM
CUST000449,None,0,CRM
CUST000450,Gold,1,CRM
CUST000451,Silver,0,CRM
CUST000452,None,0,CRM
CUST000453,None,0,CRM
CUST000454,Silver,0,CRM
CUST000455,Gold,1,CRM
CUST000456,None,0,CRM
CUST000457,None,0,CRM
CUST000458,None,0,CRM
CUST000459,None,0,CRM
CUST000460,None,0,CRM
CUST000461,None,0,CRM
CUST000462,Silver,0,CRM
CUST000463,Silver,0,CRM
CUST000464,None,0,CRM
CUST000465,Gold,1,CRM
CUST000466,None,0,CRM
CUST000467,None,0,CRM
CUST000468,Silver,0,CRM
CUST000469,None,0,CRM
CUST000470,None,0,CRM
CUST000471,Gold,1,CRM
CUST000472,Silver,0,CRM
CUST000473,Silver,0,CRM
CUST000474,None,0,CRM
CUST000475,Silver,0,CRM
CUST000476,None,0,CRM
CUST000477,None,0,CRM
CUST000478,Silver,0,CRM
CUST000479,None,0,CRM
CUST000480,None,0,CRM
CUST000481,None,0,CRM
CUST000482,None,0,CRM
CUST000483,Platinum,1,CRM
CUST000484,Gold,1,CRM
CUST000485,Silver,0,CRM
CUST000486,None,0,CRM
CUST000487,None,0,CRM
CUST000488,None,0,CRM
CUST000489,Silver,0,CRM
CUST000490,None,0,CRM
CUST000491,None,0,CRM
CUST000492,None,0,CRM
CUST000493,Silver,0,CRM
CUST000494,None,0,CRM
CUST000495,Gold,1,CRM
CUST000496,None,0,CRM
CUST000497,None,0,CRM
CUST000498,Silver,0,CRM
CUST000499,None,0,CRM
CUST000500,Silver,0,CRM
CUST000501,Silver,0,CRM
CUST000502,None,0,CRM
CUST000503,None,0,CRM
CUST000504,Silver,0,CRM
CUST000505,None,0,CRM
CUST000506,Gold,1,CRM
CUST000507,None,0,CRM
CUST000508,None,0,CRM
CUST000509,Silver,0,CRM
CUST000510,None,0,CRM
CUST000511,Platinum,1,CRM
CUST000512,None,0,CRM
CUST000513,None,0,CRM
CUST000514,None,0,CRM
CUST000515,None,0,CRM
CUST000516,Gold,1,CRM
CUST000517,None,0,CRM
CUST000518,None,0,CRM
CUST000519,None,0,CRM
CUST000520,Silver,0,CRM
CUST000521,Silver,0,CRM
CUST000522,None,0,CRM
CUST000523,None,0,CRM
CUST000524,Gold,1,CRM
CUST000525,Gold,1,CRM
CUST000526,None,0,CRM
CUST000527,Platinum,1,CRM
CUST000528,None,0,CRM
CUST000529,Silver,0,CRM
CUST000530,Gold,1,CRM
CUST000531,None,0,CRM
CUST000532,Silver,0,CRM
CUST000533,None,0,CRM
CUST000534,Silver,0,CRM
CUST000535,Silver,0,CRM
CUST000536,None,0,CRM
CUST000537,None,0,CRM
CUST000538,None,0,CRM
CUST000539,Silver,0,CRM
CUST000540,None,0,CRM
CUST000541,Silver,0,CRM
CUST000542,None,0,CRM
CUST000543,Silver,0,CRM
CUST000544,None,0,CRM
CUST000545,Silver,0,CRM
CUST000546,None,0,CRM
CUST000547,None,0,CRM
CUST000548,None,0,CRM
CUST000549,None,0,CRM
CUST000550,Gold,1,CRM
CUST000551,None,0,CRM
CUST000552,None,0,CRM
CUST000553,None,0,CRM
CUST000554,None,0,CRM
CUST000555,None,0,CRM
CUST000556,None,0,CRM
CUST000557,None,0,CRM
CUST000558,None,0,CRM
CUST000559,None,0,CRM
CUST000560,Silver,0,CRM
CUST000561,None,0,CRM
CUST000562,Platinum,1,CRM
CUST000563,None,0,CRM
CUST000564,Platinum,1,CRM
CUST000565,None,0,CRM
CUST000566,Gold,1,CRM
CUST000567,None,0,CRM
CUST000568,None,0,CRM
CUST000569,None,0,CRM
CUST000570,Silver,0,CRM
CUST000571,None,0,CRM
CUST000572,None,0,CRM
CUST000573,Silver,0,CRM
CUST000574,None,0,CRM
CUST000575,None,0,CRM
CUST000576,None,0,CRM
CUST000577,None,0,CRM
CUST000578,Gold,1,CRM
CUST000579,None,0,CRM
CUST000580,None,0,CRM
CUST000581,Silver,0,CRM
CUST000582,Gold,1,CRM
CUST000583,None,0,CRM
CUST000584,None,0,CRM
CUST000585,Gold,1,CRM
CUST000586,None,0,CRM
CUST000587,None,0,CRM
CUST000588,None,0,CRM
CUST000589,Silver,0,CRM
CUST000590,None,0,CRM
CUST000591,Silver,0,CRM
CUST000592,None,0,CRM
CUST000593,None,0,CRM
CUST000594,None,0,CRM
CUST000595,Gold,1,CRM
CUST000596,None,0,CRM
CUST000597,None,0,CRM
CUST000598,None,0,CRM
CUST000599,Silver,0,CRM
CUST000600,None,0,CRM
CUST000601,None,0,CRM
CUST000602,None,0,CRM
CUST000603,None,0,CRM
CUST000604,None,0,CRM
CUST000605,None,0,CRM
CUST000606,None,0,CRM
CUST000607,None,0,CRM
CUST000608,None,0,CRM
CUST000609,None,0,CRM
CUST000610,Gold,1,CRM
CUST000611,None,0,CRM
CUST000612,None,0,CRM
CUST000613,Gold,1,CRM
CUST000614,Silver,0,CRM
CUST000615,Silver,0,CRM
CUST000616,Silver,0,CRM
CUST000617,None,0,CRM
CUST000618,None,0,CRM
CUST000619,None,0,CRM
CUST000620,None,0,CRM
CUST000621,None,0,CRM
CUST000622,Silver,0,CRM
CUST000623,Silver,0,CRM
CUST000624,None,0,CRM
CUST000625,Silver,0,CRM
CUST000626,None,0,CRM
CUST000627,None,0,CRM
CUST000628,None,0,CRM
CUST000629,Gold,1,CRM
CUST000630,None,0,CRM
CUST000631,None,0,CRM
CUST000632,None,0,CRM
CUST000633,None,0,CRM
CUST000634,None,0,CRM
CUST000635,Gold,1,CRM
CUST000636,None,0,CRM
CUST000637,Silver,0,CRM
CUST000638,None,0,CRM
CUST000639,Silver,0,CRM
CUST000640,Silver,0,CRM
CUST000641,Silver,0,CRM
CUST000642,Gold,1,CRM
CUST000643,Silver,0,CRM
CUST000644,None,0,CRM
CUST000645,None,0,CRM
CUST000646,Silver,0,CRM
CUST000647,Silver,0,CRM
CUST000648,Gold,1,CRM
CUST000649,None,0,CRM
CUST000650,None,0,CRM
CUST000651,Silver,0,CRM
CUST000652,None,0,CRM
CUST000653,Silver,0,CRM
CUST000654,None,0,CRM
CUST000655,None,0,CRM
CUST000656,Silver,0,CRM
CUST000657,None,0,CRM
CUST000658,None,0,CRM
CUST000659,None,0,CRM
CUST000660,Gold,1,CRM
CUST000661,Silver,0,CRM
CUST000662,Silver,0,CRM
CUST000663,None,0,CRM
CUST000664,Platinum,1,CRM
CUST000665,None,0,CRM
CUST000666,Silver,0,CRM
CUST000667,None,0,CRM
CUST000668,Silver,0,CRM
CUST000669,None,0,CRM
CUST000670,None,0,CRM
CUST000671,Gold,1,CRM
CUST000672,None,0,CRM
CUST000673,Platinum,1,CRM
CUST000674,Silver,0,CRM
CUST000675,Silver,0,CRM
CUST000676,Silver,0,CRM
CUST000677,Platinum,1,CRM
CUST000678,None,0,CRM
CUST000679,Platinum,1,CRM
CUST000680,None,0,CRM
CUST000681,None,0,CRM
CUST000682,Gold,1,CRM
CUST000683,None,0,CRM
CUST000684,None,0,CRM
CUST000685,Silver,0,CRM
CUST000686,None,0,CRM
CUST000687,Silver,0,CRM
CUST000688,Silver,0,CRM
CUST000689,Silver,0,CRM
CUST000690,None,0,CRM
CUST000691,Silver,0,CRM
CUST000692,Silver,0,CRM
CUST000693,None,0,CRM
CUST000694,Gold,1,CRM
CUST000695,Gold,1,CRM
CUST000696,None,0,CRM
CUST000697,Gold,1,CRM
CUST000698,Gold,1,CRM
CUST000699,None,0,CRM
CUST000700,Silver,0,CRM
CUST000701,Gold,1,CRM
CUST000702,Silver,0,CRM
CUST000703,None,0,CRM
CUST000704,None,0,CRM
CUST000705,None,0,CRM
CUST000706,None,0,CRM
CUST000707,None,0,CRM
CUST000708,None,0,CRM
CUST000709,None,0,CRM
CUST000710,None,0,CRM
CUST000711,None,0,CRM
CUST000712,None,0,CRM
CUST000713,Gold,1,CRM
CUST000714,None,0,CRM
CUST000715,None,0,CRM
CUST000716,Gold,1,CRM
CUST000717,Silver,0,CRM
CUST000718,None,0,CRM
CUST000719,Silver,0,CRM
CUST000720,None,0,CRM
CUST000721,Gold,1,CRM
CUST000722,None,0,CRM
CUST000723,Silver,0,CRM
CUST000724,None,0,CRM
CUST000725,None,0,CRM
CUST000726,None,0,CRM
CUST000727,None,0,CRM
CUST000728,None,0,CRM
CUST000729,Silver,0,CRM
CUST000730,None,0,CRM
CUST000731,None,0,CRM
CUST000732,None,0,CRM
CUST000733,Silver,0,CRM
CUST000734,Platinum,1,CRM
CUST000735,None,0,CRM
CUST000736,None,0,CRM
CUST000737,Silver,0,CRM
CUST000738,None,0,CRM
CUST000739,None,0,CRM
CUST000740,None,0,CRM
CUST000741,None,0,CRM
CUST000742,None,0,CRM
CUST000743,Silver,0,CRM
CUST000744,Gold,1,CRM
CUST000745,Silver,0,CRM
CUST000746,Silver,0,CRM
CUST000747,None,0,CRM
CUST000748,None,0,CRM
CUST000749,None,0,CRM
CUST000750,None,0,CRM
CUST000751,None,0,CRM
CUST000752,None,0,CRM
CUST000753,Platinum,1,CRM
CUST000754,None,0,CRM
CUST000755,None,0,CRM
CUST000756,None,0,CRM
CUST000757,Silver,0,CRM
CUST000758,None,0,CRM
CUST000759,None,0,CRM
CUST000760,None,0,CRM
CUST000761,None,0,CRM
CUST000762,Silver,0,CRM
CUST000763,Gold,1,CRM
CUST000764,None,0,CRM
CUST000765,None,0,CRM
CUST000766,Silver,0,CRM
CUST000767,Silver,0,CRM
CUST000768,None,0,CRM
CUST000769,None,0,CRM
CUST000770,None,0,CRM
CUST000771,None,0,CRM
CUST000772,Silver,0,CRM
CUST000773,None,0,CRM
CUST000774,None,0,CRM
CUST000775,Silver,0,CRM
CUST000776,None,0,CRM
CUST000777,None,0,CRM
CUST000778,None,0,CRM
CUST000779,None,0,CRM
CUST000780,Silver,0,CRM
CUST000781,Silver,0,CRM
CUST000782,None,0,CRM
CUST000783,None,0,CRM
CUST000784,None,0,CRM
CUST000785,Gold,1,CRM
CUST000786,Silver,0,CRM
CUST000787,Gold,1,CRM
CUST000788,Silver,0,CRM
CUST000789,Silver,0,CRM
CUST000790,None,0,CRM
CUST000791,Silver,0,CRM
CUST000792,None,0,CRM
CUST000793,Silver,0,CRM
CUST000794,Silver,0,CRM
CUST000795,None,0,CRM
CUST000796,None,0,CRM
CUST000797,Silver,0,CRM
CUST000798,Silver,0,CRM
CUST000799,Silver,0,CRM
CUST000800,None,0,CRM
CUST000801,None,0,CRM
CUST000802,None,0,CRM
CUST000803,Gold,1,CRM
CUST000804,None,0,CRM
CUST000805,Gold,1,CRM
CUST000806,Platinum,1,CRM
CUST000807,None,0,CRM
CUST000808,Silver,0,CRM
CUST000809,None,0,CRM
CUST000810,None,0,CRM
CUST000811,None,0,CRM
CUST000812,None,0,CRM
CUST000813,None,0,CRM
CUST000814,Silver,0,CRM
CUST000815,None,0,CRM
CUST000816,None,0,CRM
CUST000817,Gold,1,CRM
CUST000818,Gold,1,CRM
CUST000819,None,0,CRM
CUST000820,None,0,CRM
CUST000821,Silver,0,CRM
CUST000822,None,0,CRM
CUST000823,Gold,1,CRM
CUST000824,None,0,CRM
CUST000825,None,0,CRM
CUST000826,None,0,CRM
CUST000827,None,0,CRM
CUST000828,None,0,CRM
CUST000829,Gold,1,CRM
CUST000830,Silver,0,CRM
CUST000831,None,0,CRM
CUST000832,Gold,1,CRM
CUST000833,Silver,0,CRM
CUST000834,Silver,0,CRM
CUST000835,None,0,CRM
CUST000836,None,0,CRM
CUST000837,Silver,0,CRM
CUST000838,Silver,0,CRM
CUST000839,None,0,CRM
CUST000840,None,0,CRM
CUST000841,None,0,CRM
CUST000842,None,0,CRM
CUST000843,None,0,CRM
CUST000844,Gold,1,CRM
CUST000845,Platinum,1,CRM
CUST000846,None,0,CRM
CUST000847,None,0,CRM
CUST000848,None,0,CRM
CUST000849,Silver,0,CRM
CUST000850,Gold,1,CRM
CUST000851,None,0,CRM
CUST000852,Silver,0,CRM
CUST000853,Gold,1,CRM
CUST000854,None,0,CRM
CUST000855,Gold,1,CRM
CUST000856,None,0,CRM
CUST000857,Silver,0,CRM
CUST000858,Silver,0,CRM
CUST000859,Silver,0,CRM
CUST000860,Gold,1,CRM
CUST000861,Silver,0,CRM
CUST000862,None,0,CRM
CUST000863,None,0,CRM
CUST000864,Gold,1,CRM
CUST000865,None,0,CRM
CUST000866,None,0,CRM
CUST000867,None,0,CRM
CUST000868,None,0,CRM
CUST000869,None,0,CRM
CUST000870,None,0,CRM
CUST000871,None,0,CRM
CUST000872,Silver,0,CRM
CUST000873,None,0,CRM
CUST000874,Silver,0,CRM
CUST000875,None,0,CRM
CUST000876,None,0,CRM
CUST000877,Silver,0,CRM
CUST000878,None,0,CRM
CUST000879,None,0,CRM
CUST000880,None,0,CRM
CUST000881,Platinum,1,CRM
CUST000882,None,0,CRM
CUST000883,None,0,CRM
CUST000884,None,0,CRM
CUST000885,Gold,1,CRM
CUST000886,None,0,CRM
CUST000887,None,0,CRM
CUST000888,Silver,0,CRM
CUST000889,Gold,1,CRM
CUST000890,None,0,CRM
CUST000891,Platinum,1,CRM
CUST000892,None,0,CRM
CUST000893,Gold,1,CRM
CUST000894,None,0,CRM
CUST000895,Silver,0,CRM
CUST000896,Gold,1,CRM
CUST000897,None,0,CRM
CUST000898,Silver,0,CRM
CUST000899,None,0,CRM
CUST000900,None,0,CRM
CUST000901,None,0,CRM
CUST000902,Silver,0,CRM
CUST000903,None,0,CRM
CUST000904,None,0,CRM
CUST000905,None,0,CRM
CUST000906,None,0,CRM
CUST000907,None,0,CRM
CUST000908,Silver,0,CRM
CUST000909,None,0,CRM
CUST000910,None,0,CRM
CUST000911,None,0,CRM
CUST000912,None,0,CRM
CUST000913,None,0,CRM
CUST000914,None,0,CRM
CUST000915,Silver,0,CRM
CUST000916,None,0,CRM
CUST000917,None,0,CRM
CUST000918,Platinum,1,CRM
CUST000919,None,0,CRM
CUST000920,Silver,0,CRM
CUST000921,Silver,0,CRM
CUST000922,None,0,CRM
CUST000923,Silver,0,CRM
CUST000924,Silver,0,CRM
CUST000925,None,0,CRM
CUST000926,None,0,CRM
CUST000927,None,0,CRM
CUST000928,Gold,1,CRM
CUST000929,Platinum,1,CRM
CUST000930,None,0,CRM
CUST000931,None,0,CRM
CUST000932,Silver,0,CRM
CUST000933,Silver,0,CRM
CUST000934,Silver,0,CRM
CUST000935,Silver,0,CRM
CUST000936,Silver,0,CRM
CUST000937,Silver,0,CRM
CUST000938,None,0,CRM
CUST000939,None,0,CRM
CUST000940,Silver,0,CRM
CUST000941,None,0,CRM
CUST000942,None,0,CRM
CUST000943,None,0,CRM
CUST000944,None,0,CRM
CUST000945,None,0,CRM
CUST000946,Silver,0,CRM
CUST000947,Silver,0,CRM
CUST000948,None,0,CRM
CUST000949,None,0,CRM
CUST000950,None,0,CRM
CUST000951,None,0,CRM
CUST000952,Gold,1,CRM
CUST000953,None,0,CRM
CUST000954,Gold,1,CRM
CUST000955,None,0,CRM
CUST000956,None,0,CRM
CUST000957,None,0,CRM
CUST000958,None,0,CRM
CUST000959,None,0,CRM
CUST000960,Silver,0,CRM
CUST000961,None,0,CRM
CUST000962,Silver,0,CRM
CUST000963,None,0,CRM
CUST000964,None,0,CRM
CUST000965,Gold,1,CRM
CUST000966,None,0,CRM
CUST000967,None,0,CRM
CUST000968,None,0,CRM
CUST000969,None,0,CRM
CUST000970,None,0,CRM
CUST000971,None,0,CRM
CUST000972,None,0,CRM
CUST000973,None,0,CRM
CUST000974,None,0,CRM
CUST000975,None,0,CRM
CUST000976,None,0,CRM
CUST000977,None,0,CRM
CUST000978,None,0,CRM
CUST000979,None,0,CRM
CUST000980,None,0,CRM
CUST000981,None,0,CRM
CUST000982,None,0,CRM
CUST000983,Gold,1,CRM
CUST000984,None,0,CRM
CUST000985,None,0,CRM
CUST000986,Silver,0,CRM
CUST000987,Silver,0,CRM
CUST000988,Silver,0,CRM
CUST000989,Gold,1,CRM
CUST000990,None,0,CRM
CUST000991,None,0,CRM
CUST000992,Silver,0,CRM
CUST000993,None,0,CRM
CUST000994,Silver,0,CRM
CUST000995,None,0,CRM
CUST000996,Silver,0,CRM
CUST000997,None,0,CRM
CUST000998,None,0,CRM
CUST000999,None,0,CRM
CUST001000,None,0,CRM
CUST001001,Silver,0,CRM
CUST001002,Silver,0,CRM
CUST001003,None,0,CRM
CUST001004,Silver,0,CRM
CUST001005,Gold,1,CRM
CUST001006,None,0,CRM
CUST001007,None,0,CRM
CUST001008,Silver,0,CRM
CUST001009,None,0,CRM
CUST001010,None,0,CRM
CUST001011,Silver,0,CRM
CUST001012,None,0,CRM
CUST001013,Silver,0,CRM
CUST001014,None,0,CRM
CUST001015,None,0,CRM
CUST001016,None,0,CRM
CUST001017,Silver,0,CRM
CUST001018,None,0,CRM
CUST001019,None,0,CRM
CUST001020,None,0,CRM
CUST001021,None,0,CRM
CUST001022,Silver,0,CRM
CUST001023,None,0,CRM
CUST001024,None,0,CRM
CUST001025,Silver,0,CRM
CUST001026,Silver,0,CRM
CUST001027,Gold,1,CRM
CUST001028,Silver,0,CRM
CUST001029,None,0,CRM
CUST001030,Silver,0,CRM
CUST001031,None,0,CRM
CUST001032,None,0,CRM
CUST001033,None,0,CRM
CUST001034,None,0,CRM
CUST001035,Gold,1,CRM
CUST001036,None,0,CRM
CUST001037,None,0,CRM
CUST001038,None,0,CRM
CUST001039,None,0,CRM
CUST001040,None,0,CRM
CUST001041,Gold,1,CRM
CUST001042,Silver,0,CRM
CUST001043,None,0,CRM
CUST001044,None,0,CRM
CUST001045,Silver,0,CRM
CUST001046,None,0,CRM
CUST001047,None,0,CRM
CUST001048,None,0,CRM
CUST001049,None,0,CRM
CUST001050,Silver,0,CRM
CUST001051,Gold,1,CRM
CUST001052,Gold,1,CRM
CUST001053,Silver,0,CRM
CUST001054,None,0,CRM
CUST001055,None,0,CRM
CUST001056,Gold,1,CRM
CUST001057,Gold,1,CRM
CUST001058,None,0,CRM
CUST001059,Silver,0,CRM
CUST001060,Gold,1,CRM
CUST001061,None,0,CRM
CUST001062,None,0,CRM
CUST001063,Gold,1,CRM
CUST001064,None,0,CRM
CUST001065,None,0,CRM
CUST001066,Gold,1,CRM
CUST001067,Gold,1,CRM
CUST001068,None,0,CRM
CUST001069,None,0,CRM
CUST001070,Silver,0,CRM
CUST001071,Silver,0,CRM
CUST001072,Silver,0,CRM
CUST001073,None,0,CRM
CUST001074,Silver,0,CRM
CUST001075,Silver,0,CRM
CUST001076,None,0,CRM
CUST001077,None,0,CRM
CUST001078,None,0,CRM
CUST001079,Gold,1,CRM
CUST001080,None,0,CRM
CUST001081,Silver,0,CRM
CUST001082,Gold,1,CRM
CUST001083,None,0,CRM
CUST001084,None,0,CRM
CUST001085,None,0,CRM
CUST001086,Gold,1,CRM
CUST001087,Silver,0,CRM
CUST001088,None,0,CRM
CUST001089,None,0,CRM
CUST001090,None,0,CRM
CUST001091,Gold,1,CRM
CUST001092,None,0,CRM
CUST001093,Gold,1,CRM
CUST001094,Silver,0,CRM
CUST001095,Gold,1,CRM
CUST001096,None,0,CRM
CUST001097,None,0,CRM
CUST001098,None,0,CRM
CUST001099,Gold,1,CRM
CUST001100,Gold,1,CRM
CUST001101,None,0,CRM
CUST001102,None,0,CRM
CUST001103,Silver,0,CRM
CUST001104,None,0,CRM
CUST001105,None,0,CRM
CUST001106,None,0,CRM
CUST001107,None,0,CRM
CUST001108,None,0,CRM
CUST001109,Silver,0,CRM
CUST001110,Silver,0,CRM
CUST001111,Gold,1,CRM
CUST001112,Silver,0,CRM
CUST001113,None,0,CRM
CUST001114,None,0,CRM
CUST001115,None,0,CRM
CUST001116,Gold,1,CRM
CUST001117,Silver,0,CRM
CUST001118,None,0,CRM
CUST001119,None,0,CRM
CUST001120,Silver,0,CRM
CUST001121,Silver,0,CRM
CUST001122,Silver,0,CRM
CUST001123,Gold,1,CRM
CUST001124,None,0,CRM
CUST001125,Silver,0,CRM
CUST001126,None,0,CRM
CUST001127,Silver,0,CRM
CUST001128,None,0,CRM
CUST001129,None,0,CRM
CUST001130,None,0,CRM
CUST001131,Silver,0,CRM
CUST001132,None,0,CRM
CUST001133,None,0,CRM
CUST001134,None,0,CRM
CUST001135,Silver,0,CRM
CUST001136,None,0,CRM
CUST001137,None,0,CRM
CUST001138,None,0,CRM
CUST001139,Silver,0,CRM
CUST001140,None,0,CRM
CUST001141,None,0,CRM
CUST001142,None,0,CRM
CUST001143,None,0,CRM
CUST001144,None,0,CRM
CUST001145,None,0,CRM
CUST001146,None,0,CRM
CUST001147,None,0,CRM
CUST001148,None,0,CRM
CUST001149,None,0,CRM
CUST001150,None,0,CRM
CUST001151,None,0,CRM
CUST001152,None,0,CRM
CUST001153,None,0,CRM
CUST001154,None,0,CRM
CUST001155,Silver,0,CRM
CUST001156,Silver,0,CRM
CUST001157,None,0,CRM
CUST001158,None,0,CRM
CUST001159,Silver,0,CRM
CUST001160,Gold,1,CRM
CUST001161,None,0,CRM
CUST001162,None,0,CRM
CUST001163,None,0,CRM
CUST001164,None,0,CRM
CUST001165,None,0,CRM
CUST001166,Gold,1,CRM
CUST001167,None,0,CRM
CUST001168,Silver,0,CRM
CUST001169,None,0,CRM
CUST001170,None,0,CRM
CUST001171,None,0,CRM
CUST001172,Gold,1,CRM
CUST001173,None,0,CRM
CUST001174,None,0,CRM
CUST001175,None,0,CRM
CUST001176,None,0,CRM
CUST001177,None,0,CRM
CUST001178,None,0,CRM
CUST001179,Platinum,1,CRM
CUST001180,Gold,1,CRM
CUST001181,None,0,CRM
CUST001182,Silver,0,CRM
CUST001183,None,0,CRM
CUST001184,None,0,CRM
CUST001185,Gold,1,CRM
CUST001186,None,0,CRM
CUST001187,None,0,CRM
CUST001188,Silver,0,CRM
CUST001189,Silver,0,CRM
CUST001190,Platinum,1,CRM
CUST001191,None,0,CRM
CUST001192,None,0,CRM
CUST001193,None,0,CRM
CUST001194,None,0,CRM
CUST001195,None,0,CRM
CUST001196,Silver,0,CRM
CUST001197,None,0,CRM
CUST001198,None,0,CRM
CUST001199,None,0,CRM
CUST001200,None,0,CRM
CUST001201,Silver,0,CRM
CUST001202,Platinum,1,CRM
CUST001203,None,0,CRM
CUST001204,None,0,CRM
CUST001205,None,0,CRM
CUST001206,Platinum,1,CRM
CUST001207,Gold,1,CRM
CUST001208,Gold,1,CRM
CUST001209,None,0,CRM
CUST001210,None,0,CRM
CUST001211,None,0,CRM
CUST001212,None,0,CRM
CUST001213,Gold,1,CRM
CUST001214,None,0,CRM
CUST001215,None,0,CRM
CUST001216,None,0,CRM
CUST001217,Gold,1,CRM
CUST001218,None,0,CRM
CUST001219,Silver,0,CRM
CUST001220,None,0,CRM
CUST001221,Silver,0,CRM
CUST001222,Silver,0,CRM
CUST001223,Silver,0,CRM
CUST001224,None,0,CRM
CUST001225,None,0,CRM
CUST001226,Silver,0,CRM
CUST001227,None,0,CRM
CUST001228,None,0,CRM
CUST001229,Silver,0,CRM
CUST001230,Gold,1,CRM
CUST001231,Silver,0,CRM
CUST001232,None,0,CRM
CUST001233,Silver,0,CRM
CUST001234,Gold,1,CRM
CUST001235,None,0,CRM
CUST001236,None,0,CRM
CUST001237,None,0,CRM
CUST001238,Silver,0,CRM
CUST001239,None,0,CRM
CUST001240,None,0,CRM
CUST001241,Platinum,1,CRM
CUST001242,None,0,CRM
CUST001243,None,0,CRM
CUST001244,None,0,CRM
CUST001245,None,0,CRM
CUST001246,None,0,CRM
CUST001247,None,0,CRM
CUST001248,Silver,0,CRM
CUST001249,Silver,0,CRM
CUST001250,Gold,1,CRM
CUST001251,Platinum,1,CRM
CUST001252,None,0,CRM
CUST001253,None,0,CRM
CUST001254,Silver,0,CRM
CUST001255,None,0,CRM
CUST001256,Gold,1,CRM
CUST001257,None,0,CRM
CUST001258,None,0,CRM
CUST001259,None,0,CRM
CUST001260,None,0,CRM
CUST001261,None,0,CRM
CUST001262,None,0,CRM
CUST001263,Platinum,1,CRM
CUST001264,Silver,0,CRM
CUST001265,Gold,1,CRM
CUST001266,Gold,1,CRM
CUST001267,Silver,0,CRM
CUST001268,Gold,1,CRM
CUST001269,Silver,0,CRM
CUST001270,None,0,CRM
CUST001271,None,0,CRM
CUST001272,None,0,CRM
CUST001273,None,0,CRM
CUST001274,Silver,0,CRM
CUST001275,Gold,1,CRM
CUST001276,Silver,0,CRM
CUST001277,None,0,CRM
CUST001278,None,0,CRM
CUST001279,Gold,1,CRM
CUST001280,Gold,1,CRM
CUST001281,None,0,CRM
CUST001282,None,0,CRM
CUST001283,None,0,CRM
CUST001284,None,0,CRM
CUST001285,Gold,1,CRM
CUST001286,None,0,CRM
CUST001287,None,0,CRM
CUST001288,Silver,0,CRM
CUST001289,None,0,CRM
CUST001290,None,0,CRM
CUST001291,None,0,CRM
CUST001292,None,0,CRM
CUST001293,None,0,CRM
CUST001294,None,0,CRM
CUST001295,None,0,CRM
CUST001296,None,0,CRM
CUST001297,None,0,CRM
CUST001298,None,0,CRM
CUST001299,Platinum,1,CRM
CUST001300,Silver,0,CRM
CUST001301,Gold,1,CRM
CUST001302,Gold,1,CRM
CUST001303,None,0,CRM
CUST001304,None,0,CRM
CUST001305,Platinum,1,CRM
CUST001306,None,0,CRM
CUST001307,Silver,0,CRM
CUST001308,Gold,1,CRM
CUST001309,None,0,CRM
CUST001310,None,0,CRM
CUST001311,None,0,CRM
CUST001312,None,0,CRM
CUST001313,None,0,CRM
CUST001314,None,0,CRM
CUST001315,None,0,CRM
CUST001316,Silver,0,CRM
CUST001317,None,0,CRM
CUST001318,Silver,0,CRM
CUST001319,None,0,CRM
CUST001320,None,0,CRM
CUST001321,None,0,CRM
CUST001322,None,0,CRM
CUST001323,Silver,0,CRM
CUST001324,None,0,CRM
CUST001325,None,0,CRM
CUST001326,Silver,0,CRM
CUST001327,None,0,CRM
CUST001328,Silver,0,CRM
CUST001329,None,0,CRM
CUST001330,None,0,CRM
CUST001331,Silver,0,CRM
CUST001332,Silver,0,CRM
CUST001333,None,0,CRM
CUST001334,None,0,CRM
CUST001335,None,0,CRM
CUST001336,Silver,0,CRM
CUST001337,None,0,CRM
CUST001338,None,0,CRM
CUST001339,Platinum,1,CRM
CUST001340,None,0,CRM
CUST001341,Silver,0,CRM
CUST001342,None,0,CRM
CUST001343,None,0,CRM
CUST001344,None,0,CRM
CUST001345,None,0,CRM
CUST001346,None,0,CRM
CUST001347,Gold,1,CRM
CUST001348,Gold,1,CRM
CUST001349,Gold,1,CRM
CUST001350,Gold,1,CRM
CUST001351,None,0,CRM
CUST001352,Silver,0,CRM
CUST001353,Gold,1,CRM
CUST001354,None,0,CRM
CUST001355,Silver,0,CRM
CUST001356,None,0,CRM
CUST001357,None,0,CRM
CUST001358,Silver,0,CRM
CUST001359,Silver,0,CRM
CUST001360,Silver,0,CRM
CUST001361,None,0,CRM
CUST001362,Gold,1,CRM
CUST001363,None,0,CRM
CUST001364,Silver,0,CRM
CUST001365,None,0,CRM
CUST001366,Silver,0,CRM
CUST001367,None,0,CRM
CUST001368,None,0,CRM
CUST001369,Silver,0,CRM
CUST001370,None,0,CRM
CUST001371,Silver,0,CRM
CUST001372,None,0,CRM
CUST001373,None,0,CRM
CUST001374,None,0,CRM
CUST001375,None,0,CRM
CUST001376,None,0,CRM
CUST001377,Gold,1,CRM
CUST001378,None,0,CRM
CUST001379,Silver,0,CRM
CUST001380,Silver,0,CRM
CUST001381,Silver,0,CRM
CUST001382,Silver,0,CRM
CUST001383,None,0,CRM
CUST001384,Gold,1,CRM
CUST001385,None,0,CRM
CUST001386,Gold,1,CRM
CUST001387,None,0,CRM
CUST001388,None,0,CRM
CUST001389,None,0,CRM
CUST001390,Silver,0,CRM
CUST001391,None,0,CRM
CUST001392,None,0,CRM
CUST001393,None,0,CRM
CUST001394,None,0,CRM
CUST001395,None,0,CRM
CUST001396,Gold,1,CRM
CUST001397,None,0,CRM
CUST001398,None,0,CRM
CUST001399,None,0,CRM
CUST001400,None,0,CRM
CUST001401,Silver,0,CRM
CUST001402,None,0,CRM
CUST001403,Gold,1,CRM
CUST001404,None,0,CRM
CUST001405,None,0,CRM
CUST001406,None,0,CRM
CUST001407,None,0,CRM
CUST001408,None,0,CRM
CUST001409,None,0,CRM
CUST001410,None,0,CRM
CUST001411,Silver,0,CRM
CUST001412,None,0,CRM
CUST001413,None,0,CRM
CUST001414,None,0,CRM
CUST001415,None,0,CRM
CUST001416,Silver,0,CRM
CUST001417,Gold,1,CRM
CUST001418,Gold,1,CRM
CUST001419,Gold,1,CRM
CUST001420,None,0,CRM
CUST001421,Silver,0,CRM
CUST001422,None,0,CRM
CUST001423,Silver,0,CRM
CUST001424,Silver,0,CRM
CUST001425,None,0,CRM
CUST001426,Platinum,1,CRM
CUST001427,None,0,CRM
CUST001428,None,0,CRM
CUST001429,None,0,CRM
CUST001430,Silver,0,CRM
CUST001431,None,0,CRM
CUST001432,None,0,CRM
CUST001433,None,0,CRM
CUST001434,Silver,0,CRM
CUST001435,None,0,CRM
CUST001436,Silver,0,CRM
CUST001437,None,0,CRM
CUST001438,None,0,CRM
CUST001439,None,0,CRM
CUST001440,None,0,CRM
CUST001441,Gold,1,CRM
CUST001442,None,0,CRM
CUST001443,None,0,CRM
CUST001444,None,0,CRM
CUST001445,None,0,CRM
CUST001446,None,0,CRM
CUST001447,None,0,CRM
CUST001448,None,0,CRM
CUST001449,Gold,1,CRM
CUST001450,None,0,CRM
CUST001451,None,0,CRM
CUST001452,None,0,CRM
CUST001453,Gold,1,CRM
CUST001454,None,0,CRM
CUST001455,None,0,CRM
CUST001456,None,0,CRM
CUST001457,None,0,CRM
CUST001458,None,0,CRM
CUST001459,None,0,CRM
CUST001460,None,0,CRM
CUST001461,None,0,CRM
CUST001462,None,0,CRM
CUST001463,None,0,CRM
CUST001464,Silver,0,CRM
CUST001465,None,0,CRM
CUST001466,None,0,CRM
CUST001467,Silver,0,CRM
CUST001468,Silver,0,CRM
CUST001469,None,0,CRM
CUST001470,None,0,CRM
CUST001471,None,0,CRM
CUST001472,None,0,CRM
CUST001473,None,0,CRM
CUST001474,Gold,1,CRM
CUST001475,None,0,CRM
CUST001476,Silver,0,CRM
CUST001477,None,0,CRM
CUST001478,Platinum,1,CRM
CUST001479,None,0,CRM
CUST001480,None,0,CRM
CUST001481,None,0,CRM
CUST001482,None,0,CRM
CUST001483,None,0,CRM
CUST001484,Gold,1,CRM
CUST001485,Silver,0,CRM
CUST001486,None,0,CRM
CUST001487,Silver,0,CRM
CUST001488,None,0,CRM
CUST001489,None,0,CRM
CUST001490,Platinum,1,CRM
CUST001491,None,0,CRM
CUST001492,None,0,CRM
CUST001493,None,0,CRM
CUST001494,None,0,CRM
CUST001495,Platinum,1,CRM
CUST001496,Silver,0,CRM
CUST001497,None,0,CRM
CUST001498,Silver,0,CRM
CUST001499,None,0,CRM
CUST001500,None,0,CRM
CUST001501,None,0,CRM
CUST001502,None,0,CRM
CUST001503,Silver,0,CRM
CUST001504,None,0,CRM
CUST001505,None,0,CRM
CUST001506,Gold,1,CRM
CUST001507,None,0,CRM
CUST001508,Silver,0,CRM
CUST001509,Gold,1,CRM
CUST001510,Silver,0,CRM
CUST001511,Gold,1,CRM
CUST001512,None,0,CRM
CUST001513,None,0,CRM
CUST001514,Silver,0,CRM
CUST001515,None,0,CRM
CUST001516,Platinum,1,CRM
CUST001517,Silver,0,CRM
CUST001518,Silver,0,CRM
CUST001519,None,0,CRM
CUST001520,None,0,CRM
CUST001521,None,0,CRM
CUST001522,None,0,CRM
CUST001523,None,0,CRM
CUST001524,None,0,CRM
CUST001525,Silver,0,CRM
CUST001526,None,0,CRM
CUST001527,Gold,1,CRM
CUST001528,None,0,CRM
CUST001529,None,0,CRM
CUST001530,Gold,1,CRM
CUST001531,Silver,0,CRM
CUST001532,None,0,CRM
CUST001533,Silver,0,CRM
CUST001534,None,0,CRM
CUST001535,None,0,CRM
CUST001536,Platinum,1,CRM
CUST001537,Gold,1,CRM
CUST001538,Silver,0,CRM
CUST001539,None,0,CRM
CUST001540,None,0,CRM
CUST001541,None,0,CRM
CUST001542,None,0,CRM
CUST001543,Gold,1,CRM
CUST001544,None,0,CRM
CUST001545,None,0,CRM
CUST001546,Silver,0,CRM
CUST001547,None,0,CRM
CUST001548,Silver,0,CRM
CUST001549,None,0,CRM
CUST001550,None,0,CRM
CUST001551,None,0,CRM
CUST001552,None,0,CRM
CUST001553,None,0,CRM
CUST001554,Gold,1,CRM
CUST001555,Silver,0,CRM
CUST001556,None,0,CRM
CUST001557,None,0,CRM
CUST001558,Silver,0,CRM
CUST001559,None,0,CRM
CUST001560,None,0,CRM
CUST001561,Silver,0,CRM
CUST001562,Silver,0,CRM
CUST001563,Gold,1,CRM
CUST001564,Silver,0,CRM
CUST001565,None,0,CRM
CUST001566,None,0,CRM
CUST001567,None,0,CRM
CUST001568,None,0,CRM
CUST001569,None,0,CRM
CUST001570,None,0,CRM
CUST001571,None,0,CRM
CUST001572,Silver,0,CRM
CUST001573,Gold,1,CRM
CUST001574,Silver,0,CRM
CUST001575,None,0,CRM
CUST001576,None,0,CRM
CUST001577,None,0,CRM
CUST001578,None,0,CRM
CUST001579,Gold,1,CRM
CUST001580,None,0,CRM
CUST001581,Silver,0,CRM
CUST001582,None,0,CRM
CUST001583,None,0,CRM
CUST001584,Silver,0,CRM
CUST001585,None,0,CRM
CUST001586,None,0,CRM
CUST001587,Silver,0,CRM
CUST001588,None,0,CRM
CUST001589,None,0,CRM
CUST001590,None,0,CRM
CUST001591,None,0,CRM
CUST001592,None,0,CRM
CUST001593,None,0,CRM
CUST001594,Gold,1,CRM
CUST001595,None,0,CRM
CUST001596,None,0,CRM
CUST001597,Silver,0,CRM
CUST001598,Silver,0,CRM
CUST001599,Silver,0,CRM
CUST001600,Gold,1,CRM
CUST001601,None,0,CRM
CUST001602,None,0,CRM
CUST001603,Silver,0,CRM
CUST001604,Platinum,1,CRM
CUST001605,None,0,CRM
CUST001606,Silver,0,CRM
CUST001607,None,0,CRM
CUST001608,None,0,CRM
CUST001609,Silver,0,CRM
CUST001610,Silver,0,CRM
CUST001611,None,0,CRM
CUST001612,None,0,CRM
CUST001613,Gold,1,CRM
CUST001614,None,0,CRM
CUST001615,None,0,CRM
CUST001616,None,0,CRM
CUST001617,None,0,CRM
CUST001618,None,0,CRM
CUST001619,None,0,CRM
CUST001620,None,0,CRM
CUST001621,None,0,CRM
CUST001622,None,0,CRM
CUST001623,None,0,CRM
CUST001624,None,0,CRM
CUST001625,None,0,CRM
CUST001626,Gold,1,CRM
CUST001627,Gold,1,CRM
CUST001628,Gold,1,CRM
CUST001629,None,0,CRM
CUST001630,Silver,0,CRM
CUST001631,Silver,0,CRM
CUST001632,None,0,CRM
CUST001633,None,0,CRM
CUST001634,Gold,1,CRM
CUST001635,Silver,0,CRM
CUST001636,Silver,0,CRM
CUST001637,None,0,CRM
CUST001638,None,0,CRM
CUST001639,Silver,0,CRM
CUST001640,None,0,CRM
CUST001641,None,0,CRM
CUST001642,None,0,CRM
CUST001643,None,0,CRM
CUST001644,Silver,0,CRM
CUST001645,None,0,CRM
CUST001646,Silver,0,CRM
CUST001647,None,0,CRM
CUST001648,Silver,0,CRM
CUST001649,None,0,CRM
CUST001650,Gold,1,CRM
CUST001651,None,0,CRM
CUST001652,None,0,CRM
CUST001653,Silver,0,CRM
CUST001654,None,0,CRM
CUST001655,None,0,CRM
CUST001656,None,0,CRM
CUST001657,None,0,CRM
CUST001658,None,0,CRM
CUST001659,None,0,CRM
CUST001660,None,0,CRM
CUST001661,None,0,CRM
CUST001662,None,0,CRM
CUST001663,None,0,CRM
CUST001664,None,0,CRM
CUST001665,Silver,0,CRM
CUST001666,Gold,1,CRM
CUST001667,Silver,0,CRM
CUST001668,None,0,CRM
CUST001669,None,0,CRM
CUST001670,Silver,0,CRM
CUST001671,Silver,0,CRM
CUST001672,None,0,CRM
CUST001673,None,0,CRM
CUST001674,None,0,CRM
CUST001675,None,0,CRM
CUST001676,None,0,CRM
CUST001677,None,0,CRM
CUST001678,None,0,CRM
CUST001679,Silver,0,CRM
CUST001680,None,0,CRM
CUST001681,Silver,0,CRM
CUST001682,Silver,0,CRM
CUST001683,None,0,CRM
CUST001684,Gold,1,CRM
CUST001685,None,0,CRM
CUST001686,None,0,CRM
CUST001687,None,0,CRM
CUST001688,None,0,CRM
CUST001689,None,0,CRM
CUST001690,Silver,0,CRM
CUST001691,Silver,0,CRM
CUST001692,None,0,CRM
CUST001693,None,0,CRM
CUST001694,Gold,1,CRM
CUST001695,None,0,CRM
CUST001696,None,0,CRM
CUST001697,None,0,CRM
CUST001698,Silver,0,CRM
CUST001699,None,0,CRM
CUST001700,None,0,CRM
CUST001701,None,0,CRM
CUST001702,Silver,0,CRM
CUST001703,Silver,0,CRM
CUST001704,Silver,0,CRM
CUST001705,None,0,CRM
CUST001706,None,0,CRM
CUST001707,Gold,1,CRM
CUST001708,None,0,CRM
CUST001709,None,0,CRM
CUST001710,None,0,CRM
CUST001711,None,0,CRM
CUST001712,Silver,0,CRM
CUST001713,Gold,1,CRM
CUST001714,None,0,CRM
CUST001715,None,0,CRM
CUST001716,Gold,1,CRM
CUST001717,None,0,CRM
CUST001718,None,0,CRM
CUST001719,None,0,CRM
CUST001720,Gold,1,CRM
CUST001721,None,0,CRM
CUST001722,Silver,0,CRM
CUST001723,None,0,CRM
CUST001724,None,0,CRM
CUST001725,Silver,0,CRM
CUST001726,None,0,CRM
CUST001727,None,0,CRM
CUST001728,Gold,1,CRM
CUST001729,Silver,0,CRM
CUST001730,None,0,CRM
CUST001731,Silver,0,CRM
CUST001732,Silver,0,CRM
CUST001733,Silver,0,CRM
CUST001734,None,0,CRM
CUST001735,Silver,0,CRM
CUST001736,None,0,CRM
CUST001737,None,0,CRM
CUST001738,Gold,1,CRM
CUST001739,Gold,1,CRM
CUST001740,None,0,CRM
CUST001741,None,0,CRM
CUST001742,None,0,CRM
CUST001743,None,0,CRM
CUST001744,None,0,CRM
CUST001745,None,0,CRM
CUST001746,None,0,CRM
CUST001747,None,0,CRM
CUST001748,Silver,0,CRM
CUST001749,None,0,CRM
CUST001750,Gold,1,CRM
CUST001751,None,0,CRM
CUST001752,Gold,1,CRM
CUST001753,Silver,0,CRM
CUST001754,Gold,1,CRM
CUST001755,None,0,CRM
CUST001756,None,0,CRM
CUST001757,Silver,0,CRM
CUST001758,None,0,CRM
CUST001759,None,0,CRM
CUST001760,None,0,CRM
CUST001761,None,0,CRM
CUST001762,Silver,0,CRM
CUST001763,None,0,CRM
CUST001764,None,0,CRM
CUST001765,Silver,0,CRM
CUST001766,Gold,1,CRM
CUST001767,None,0,CRM
CUST001768,None,0,CRM
CUST001769,None,0,CRM
CUST001770,Gold,1,CRM
CUST001771,None,0,CRM
CUST001772,Silver,0,CRM
CUST001773,None,0,CRM
CUST001774,Gold,1,CRM
CUST001775,None,0,CRM
CUST001776,Silver,0,CRM
CUST001777,None,0,CRM
CUST001778,Gold,1,CRM
CUST001779,None,0,CRM
CUST001780,Silver,0,CRM
CUST001781,None,0,CRM
CUST001782,None,0,CRM
CUST001783,None,0,CRM
CUST001784,None,0,CRM
CUST001785,Silver,0,CRM
CUST001786,None,0,CRM
CUST001787,None,0,CRM
CUST001788,None,0,CRM
CUST001789,None,0,CRM
CUST001790,None,0,CRM
CUST001791,None,0,CRM
CUST001792,Silver,0,CRM
CUST001793,None,0,CRM
CUST001794,Platinum,1,CRM
CUST001795,Silver,0,CRM
CUST001796,Silver,0,CRM
CUST001797,None,0,CRM
CUST001798,None,0,CRM
CUST001799,None,0,CRM
CUST001800,None,0,CRM
CUST001801,None,0,CRM
CUST001802,None,0,CRM
CUST001803,None,0,CRM
CUST001804,None,0,CRM
CUST001805,None,0,CRM
CUST001806,Platinum,1,CRM
CUST001807,None,0,CRM
CUST001808,Gold,1,CRM
CUST001809,Platinum,1,CRM
CUST001810,Silver,0,CRM
CUST001811,Platinum,1,CRM
CUST001812,Platinum,1,CRM
CUST001813,Silver,0,CRM
CUST001814,Silver,0,CRM
CUST001815,None,0,CRM
CUST001816,None,0,CRM
CUST001817,None,0,CRM
CUST001818,None,0,CRM
CUST001819,None,0,CRM
CUST001820,None,0,CRM
CUST001821,Silver,0,CRM
CUST001822,None,0,CRM
CUST001823,Silver,0,CRM
CUST001824,None,0,CRM
CUST001825,None,0,CRM
CUST001826,Silver,0,CRM
CUST001827,None,0,CRM
CUST001828,None,0,CRM
CUST001829,None,0,CRM
CUST001830,Silver,0,CRM
CUST001831,None,0,CRM
CUST001832,None,0,CRM
CUST001833,Silver,0,CRM
CUST001834,None,0,CRM
CUST001835,Silver,0,CRM
CUST001836,None,0,CRM
CUST001837,Silver,0,CRM
CUST001838,None,0,CRM
CUST001839,Gold,1,CRM
CUST001840,Gold,1,CRM
CUST001841,Silver,0,CRM
CUST001842,None,0,CRM
CUST001843,Silver,0,CRM
CUST001844,Platinum,1,CRM
CUST001845,Silver,0,CRM
CUST001846,Silver,0,CRM
CUST001847,None,0,CRM
CUST001848,None,0,CRM
CUST001849,Silver,0,CRM
CUST001850,None,0,CRM
CUST001851,None,0,CRM
CUST001852,None,0,CRM
CUST001853,None,0,CRM
CUST001854,Gold,1,CRM
CUST001855,None,0,CRM
CUST001856,Platinum,1,CRM
CUST001857,None,0,CRM
CUST001858,None,0,CRM
CUST001859,Silver,0,CRM
CUST001860,Silver,0,CRM
CUST001861,Silver,0,CRM
CUST001862,Silver,0,CRM
CUST001863,Silver,0,CRM
CUST001864,None,0,CRM
CUST001865,None,0,CRM
CUST001866,None,0,CRM
CUST001867,None,0,CRM
CUST001868,Silver,0,CRM
CUST001869,None,0,CRM
CUST001870,Silver,0,CRM
CUST001871,None,0,CRM
CUST001872,None,0,CRM
CUST001873,None,0,CRM
CUST001874,Gold,1,CRM
CUST001875,Silver,0,CRM
CUST001876,Silver,0,CRM
CUST001877,Gold,1,CRM
CUST001878,None,0,CRM
CUST001879,None,0,CRM
CUST001880,None,0,CRM
CUST001881,None,0,CRM
CUST001882,None,0,CRM
CUST001883,Silver,0,CRM
CUST001884,None,0,CRM
CUST001885,None,0,CRM
CUST001886,Silver,0,CRM
CUST001887,None,0,CRM
CUST001888,None,0,CRM
CUST001889,None,0,CRM
CUST001890,Silver,0,CRM
CUST001891,None,0,CRM
CUST001892,Silver,0,CRM
CUST001893,None,0,CRM
CUST001894,Silver,0,CRM
CUST001895,None,0,CRM
CUST001896,Platinum,1,CRM
CUST001897,Silver,0,CRM
CUST001898,None,0,CRM
CUST001899,Silver,0,CRM
CUST001900,None,0,CRM
CUST001901,Silver,0,CRM
CUST001902,Silver,0,CRM
CUST001903,Gold,1,CRM
CUST001904,Gold,1,CRM
CUST001905,Silver,0,CRM
CUST001906,Silver,0,CRM
CUST001907,None,0,CRM
CUST001908,Silver,0,CRM
CUST001909,Silver,0,CRM
CUST001910,Gold,1,CRM
CUST001911,Silver,0,CRM
CUST001912,Silver,0,CRM
CUST001913,Silver,0,CRM
CUST001914,Silver,0,CRM
CUST001915,None,0,CRM
CUST001916,Platinum,1,CRM
CUST001917,None,0,CRM
CUST001918,None,0,CRM
CUST001919,None,0,CRM
CUST001920,None,0,CRM
CUST001921,None,0,CRM
CUST001922,None,0,CRM
CUST001923,None,0,CRM
CUST001924,None,0,CRM
CUST001925,Gold,1,CRM
CUST001926,Silver,0,CRM
CUST001927,Silver,0,CRM
CUST001928,None,0,CRM
CUST001929,Gold,1,CRM
CUST001930,None,0,CRM
CUST001931,Silver,0,CRM
CUST001932,Silver,0,CRM
CUST001933,None,0,CRM
CUST001934,None,0,CRM
CUST001935,None,0,CRM
CUST001936,None,0,CRM
CUST001937,None,0,CRM
CUST001938,None,0,CRM
CUST001939,None,0,CRM
CUST001940,None,0,CRM
CUST001941,Gold,1,CRM
CUST001942,None,0,CRM
CUST001943,Silver,0,CRM
CUST001944,None,0,CRM
CUST001945,None,0,CRM
CUST001946,Gold,1,CRM
CUST001947,None,0,CRM
CUST001948,None,0,CRM
CUST001949,Gold,1,CRM
CUST001950,None,0,CRM
CUST001951,None,0,CRM
CUST001952,Silver,0,CRM
CUST001953,Silver,0,CRM
CUST001954,Silver,0,CRM
CUST001955,Silver,0,CRM
CUST001956,Silver,0,CRM
CUST001957,None,0,CRM
CUST001958,None,0,CRM
CUST001959,None,0,CRM
CUST001960,None,0,CRM
CUST001961,None,0,CRM
CUST001962,Silver,0,CRM
CUST001963,None,0,CRM
CUST001964,None,0,CRM
CUST001965,None,0,CRM
CUST001966,None,0,CRM
CUST001967,Silver,0,CRM
CUST001968,Gold,1,CRM
CUST001969,None,0,CRM
CUST001970,None,0,CRM
CUST001971,None,0,CRM
CUST001972,Gold,1,CRM
CUST001973,Gold,1,CRM
CUST001974,None,0,CRM
CUST001975,Silver,0,CRM
CUST001976,None,0,CRM
CUST001977,Gold,1,CRM
CUST001978,None,0,CRM
CUST001979,Gold,1,CRM
CUST001980,None,0,CRM
CUST001981,None,0,CRM
CUST001982,Silver,0,CRM
CUST001983,None,0,CRM
CUST001984,Silver,0,CRM
CUST001985,None,0,CRM
CUST001986,None,0,CRM
CUST001987,None,0,CRM
CUST001988,Gold,1,CRM
CUST001989,None,0,CRM
CUST001990,None,0,CRM
CUST001991,Gold,1,CRM
CUST001992,None,0,CRM
CUST001993,None,0,CRM
CUST001994,None,0,CRM
CUST001995,Silver,0,CRM
CUST001996,Platinum,1,CRM
CUST001997,None,0,CRM
CUST001998,None,0,CRM
CUST001999,Platinum,1,CRM
CUST002000,None,0,CRM
CUST002001,Gold,1,CRM
CUST002002,None,0,CRM
CUST002003,None,0,CRM
CUST002004,Gold,1,CRM
CUST002005,None,0,CRM
CUST002006,None,0,CRM
CUST002007,None,0,CRM
CUST002008,None,0,CRM
CUST002009,None,0,CRM
CUST002010,None,0,CRM
CUST002011,None,0,CRM
CUST002012,None,0,CRM
CUST002013,Silver,0,CRM
CUST002014,None,0,CRM
CUST002015,None,0,CRM
CUST002016,None,0,CRM
CUST002017,Silver,0,CRM
CUST002018,None,0,CRM
CUST002019,None,0,CRM
CUST002020,Platinum,1,CRM
CUST002021,Silver,0,CRM
CUST002022,None,0,CRM
CUST002023,None,0,CRM
CUST002024,None,0,CRM
CUST002025,None,0,CRM
CUST002026,None,0,CRM
CUST002027,None,0,CRM
CUST002028,None,0,CRM
CUST002029,None,0,CRM
CUST002030,None,0,CRM
CUST002031,None,0,CRM
CUST002032,Silver,0,CRM
CUST002033,Gold,1,CRM
CUST002034,Gold,1,CRM
CUST002035,None,0,CRM
CUST002036,Gold,1,CRM
CUST002037,Silver,0,CRM
CUST002038,None,0,CRM
CUST002039,None,0,CRM
CUST002040,Silver,0,CRM
CUST002041,Silver,0,CRM
CUST002042,Silver,0,CRM
CUST002043,None,0,CRM
CUST002044,None,0,CRM
CUST002045,Silver,0,CRM
CUST002046,Silver,0,CRM
CUST002047,None,0,CRM
CUST002048,None,0,CRM
CUST002049,None,0,CRM
CUST002050,None,0,CRM
CUST002051,None,0,CRM
CUST002052,None,0,CRM
CUST002053,Silver,0,CRM
CUST002054,None,0,CRM
CUST002055,Gold,1,CRM
CUST002056,None,0,CRM
CUST002057,None,0,CRM
CUST002058,None,0,CRM
CUST002059,Gold,1,CRM
CUST002060,None,0,CRM
CUST002061,Silver,0,CRM
CUST002062,None,0,CRM
CUST002063,Silver,0,CRM
CUST002064,None,0,CRM
CUST002065,Gold,1,CRM
CUST002066,None,0,CRM
CUST002067,Gold,1,CRM
CUST002068,Silver,0,CRM
CUST002069,Silver,0,CRM
CUST002070,None,0,CRM
CUST002071,Silver,0,CRM
CUST002072,Silver,0,CRM
CUST002073,Silver,0,CRM
CUST002074,Silver,0,CRM
CUST002075,Gold,1,CRM
CUST002076,Silver,0,CRM
CUST002077,Silver,0,CRM
CUST002078,None,0,CRM
CUST002079,None,0,CRM
CUST002080,Silver,0,CRM
CUST002081,Silver,0,CRM
CUST002082,Silver,0,CRM
CUST002083,None,0,CRM
CUST002084,None,0,CRM
CUST002085,Silver,0,CRM
CUST002086,None,0,CRM
CUST002087,Gold,1,CRM
CUST002088,Platinum,1,CRM
CUST002089,Gold,1,CRM
CUST002090,Silver,0,CRM
CUST002091,Silver,0,CRM
CUST002092,Silver,0,CRM
CUST002093,None,0,CRM
CUST002094,None,0,CRM
CUST002095,None,0,CRM
CUST002096,Silver,0,CRM
CUST002097,Gold,1,CRM
CUST002098,None,0,CRM
CUST002099,None,0,CRM
CUST002100,None,0,CRM
CUST002101,Silver,0,CRM
CUST002102,None,0,CRM
CUST002103,None,0,CRM
CUST002104,None,0,CRM
CUST002105,None,0,CRM
CUST002106,None,0,CRM
CUST002107,None,0,CRM
CUST002108,Silver,0,CRM
CUST002109,None,0,CRM
CUST002110,None,0,CRM
CUST002111,None,0,CRM
CUST002112,Platinum,1,CRM
CUST002113,None,0,CRM
CUST002114,None,0,CRM
CUST002115,Platinum,1,CRM
CUST002116,None,0,CRM
CUST002117,None,0,CRM
CUST002118,Silver,0,CRM
CUST002119,None,0,CRM
CUST002120,None,0,CRM
CUST002121,None,0,CRM
CUST002122,Silver,0,CRM
CUST002123,Silver,0,CRM
CUST002124,None,0,CRM
CUST002125,Silver,0,CRM
CUST002126,Gold,1,CRM
CUST002127,None,0,CRM
CUST002128,Silver,0,CRM
CUST002129,None,0,CRM
CUST002130,Silver,0,CRM
CUST002131,None,0,CRM
CUST002132,None,0,CRM
CUST002133,None,0,CRM
CUST002134,Silver,0,CRM
CUST002135,None,0,CRM
CUST002136,None,0,CRM
CUST002137,Silver,0,CRM
CUST002138,None,0,CRM
CUST002139,None,0,CRM
CUST002140,None,0,CRM
CUST002141,None,0,CRM
CUST002142,None,0,CRM
CUST002143,Silver,0,CRM
CUST002144,None,0,CRM
CUST002145,None,0,CRM
CUST002146,Silver,0,CRM
CUST002147,None,0,CRM
CUST002148,None,0,CRM
CUST002149,None,0,CRM
CUST002150,None,0,CRM
CUST002151,Silver,0,CRM
CUST002152,None,0,CRM
CUST002153,Platinum,1,CRM
CUST002154,None,0,CRM
CUST002155,None,0,CRM
CUST002156,Silver,0,CRM
CUST002157,None,0,CRM
CUST002158,None,0,CRM
CUST002159,None,0,CRM
CUST002160,None,0,CRM
CUST002161,Gold,1,CRM
CUST002162,None,0,CRM
CUST002163,None,0,CRM
CUST002164,None,0,CRM
CUST002165,Platinum,1,CRM
CUST002166,None,0,CRM
CUST002167,None,0,CRM
CUST002168,Gold,1,CRM
CUST002169,None,0,CRM
CUST002170,Silver,0,CRM
CUST002171,Silver,0,CRM
CUST002172,Gold,1,CRM
CUST002173,None,0,CRM
CUST002174,Gold,1,CRM
CUST002175,None,0,CRM
CUST002176,Silver,0,CRM
CUST002177,None,0,CRM
CUST002178,None,0,CRM
CUST002179,Silver,0,CRM
CUST002180,Silver,0,CRM
CUST002181,None,0,CRM
CUST002182,None,0,CRM
CUST002183,Silver,0,CRM
CUST002184,None,0,CRM
CUST002185,None,0,CRM
CUST002186,None,0,CRM
CUST002187,Silver,0,CRM
CUST002188,None,0,CRM
CUST002189,None,0,CRM
CUST002190,Silver,0,CRM
CUST002191,Silver,0,CRM
CUST002192,None,0,CRM
CUST002193,None,0,CRM
CUST002194,None,0,CRM
CUST002195,None,0,CRM
CUST002196,Silver,0,CRM
CUST002197,None,0,CRM
CUST002198,Gold,1,CRM
CUST002199,Silver,0,CRM
CUST002200,None,0,CRM
CUST002201,Silver,0,CRM
CUST002202,None,0,CRM
CUST002203,Gold,1,CRM
CUST002204,None,0,CRM
CUST002205,None,0,CRM
CUST002206,Platinum,1,CRM
CUST002207,None,0,CRM
CUST002208,Gold,1,CRM
CUST002209,None,0,CRM
CUST002210,None,0,CRM
CUST002211,None,0,CRM
CUST002212,Gold,1,CRM
CUST002213,None,0,CRM
CUST002214,None,0,CRM
CUST002215,Silver,0,CRM
CUST002216,None,0,CRM
CUST002217,None,0,CRM
CUST002218,Gold,1,CRM
CUST002219,None,0,CRM
CUST002220,Silver,0,CRM
CUST002221,Silver,0,CRM
CUST002222,Gold,1,CRM
CUST002223,None,0,CRM
CUST002224,None,0,CRM
CUST002225,None,0,CRM
CUST002226,None,0,CRM
CUST002227,Silver,0,CRM
CUST002228,Gold,1,CRM
CUST002229,None,0,CRM
CUST002230,Silver,0,CRM
CUST002231,None,0,CRM
CUST002232,Silver,0,CRM
CUST002233,None,0,CRM
CUST002234,None,0,CRM
CUST002235,None,0,CRM
CUST002236,None,0,CRM
CUST002237,None,0,CRM
CUST002238,Gold,1,CRM
CUST002239,None,0,CRM
CUST002240,Silver,0,CRM
CUST002241,None,0,CRM
CUST002242,None,0,CRM
CUST002243,Gold,1,CRM
CUST002244,Silver,0,CRM
CUST002245,Silver,0,CRM
CUST002246,None,0,CRM
CUST002247,None,0,CRM
CUST002248,Silver,0,CRM
CUST002249,None,0,CRM
CUST002250,Silver,0,CRM
CUST002251,Silver,0,CRM
CUST002252,Gold,1,CRM
CUST002253,None,0,CRM
CUST002254,None,0,CRM
CUST002255,None,0,CRM
CUST002256,Silver,0,CRM
CUST002257,None,0,CRM
CUST002258,Silver,0,CRM
CUST002259,Silver,0,CRM
CUST002260,None,0,CRM
CUST002261,Silver,0,CRM
CUST002262,None,0,CRM
CUST002263,Silver,0,CRM
CUST002264,None,0,CRM
CUST002265,Gold,1,CRM
CUST002266,None,0,CRM
CUST002267,None,0,CRM
CUST002268,None,0,CRM
CUST002269,None,0,CRM
CUST002270,None,0,CRM
CUST002271,Gold,1,CRM
CUST002272,Silver,0,CRM
CUST002273,None,0,CRM
CUST002274,Silver,0,CRM
CUST002275,Platinum,1,CRM
CUST002276,Silver,0,CRM
CUST002277,None,0,CRM
CUST002278,Silver,0,CRM
CUST002279,Silver,0,CRM
CUST002280,Silver,0,CRM
CUST002281,None,0,CRM
CUST002282,None,0,CRM
CUST002283,None,0,CRM
CUST002284,None,0,CRM
CUST002285,Silver,0,CRM
CUST002286,None,0,CRM
CUST002287,Silver,0,CRM
CUST002288,None,0,CRM
CUST002289,None,0,CRM
CUST002290,None,0,CRM
CUST002291,Gold,1,CRM
CUST002292,Gold,1,CRM
CUST002293,None,0,CRM
CUST002294,None,0,CRM
CUST002295,None,0,CRM
CUST002296,None,0,CRM
CUST002297,Gold,1,CRM
CUST002298,Silver,0,CRM
CUST002299,None,0,CRM
CUST002300,None,0,CRM
CUST002301,Silver,0,CRM
CUST002302,Gold,1,CRM
CUST002303,Gold,1,CRM
CUST002304,None,0,CRM
CUST002305,Silver,0,CRM
CUST002306,Platinum,1,CRM
CUST002307,None,0,CRM
CUST002308,Silver,0,CRM
CUST002309,None,0,CRM
CUST002310,None,0,CRM
CUST002311,None,0,CRM
CUST002312,None,0,CRM
CUST002313,None,0,CRM
CUST002314,None,0,CRM
CUST002315,None,0,CRM
CUST002316,Silver,0,CRM
CUST002317,Silver,0,CRM
CUST002318,Silver,0,CRM
CUST002319,None,0,CRM
CUST002320,None,0,CRM
CUST002321,Silver,0,CRM
CUST002322,Silver,0,CRM
CUST002323,Silver,0,CRM
CUST002324,None,0,CRM
CUST002325,Gold,1,CRM
CUST002326,None,0,CRM
CUST002327,None,0,CRM
CUST002328,Silver,0,CRM
CUST002329,None,0,CRM
CUST002330,Silver,0,CRM
CUST002331,None,0,CRM
CUST002332,None,0,CRM
CUST002333,Gold,1,CRM
CUST002334,Silver,0,CRM
CUST002335,None,0,CRM
CUST002336,Gold,1,CRM
CUST002337,None,0,CRM
CUST002338,Silver,0,CRM
CUST002339,Gold,1,CRM
CUST002340,Silver,0,CRM
CUST002341,None,0,CRM
CUST002342,Gold,1,CRM
CUST002343,Silver,0,CRM
CUST002344,None,0,CRM
CUST002345,Gold,1,CRM
CUST002346,None,0,CRM
CUST002347,None,0,CRM
CUST002348,None,0,CRM
CUST002349,None,0,CRM
CUST002350,None,0,CRM
CUST002351,None,0,CRM
CUST002352,None,0,CRM
CUST002353,None,0,CRM
CUST002354,None,0,CRM
CUST002355,Gold,1,CRM
CUST002356,None,0,CRM
CUST002357,Silver,0,CRM
CUST002358,Silver,0,CRM
CUST002359,Silver,0,CRM
CUST002360,None,0,CRM
CUST002361,None,0,CRM
CUST002362,None,0,CRM
CUST002363,None,0,CRM
CUST002364,Silver,0,CRM
CUST002365,None,0,CRM
CUST002366,None,0,CRM
CUST002367,None,0,CRM
CUST002368,None,0,CRM
CUST002369,None,0,CRM
CUST002370,Platinum,1,CRM
CUST002371,None,0,CRM
CUST002372,None,0,CRM
CUST002373,None,0,CRM
CUST002374,None,0,CRM
CUST002375,None,0,CRM
CUST002376,None,0,CRM
CUST002377,Gold,1,CRM
CUST002378,None,0,CRM
CUST002379,None,0,CRM
CUST002380,Silver,0,CRM
CUST002381,None,0,CRM
CUST002382,None,0,CRM
CUST002383,None,0,CRM
CUST002384,Gold,1,CRM
CUST002385,Gold,1,CRM
CUST002386,Gold,1,CRM
CUST002387,None,0,CRM
CUST002388,Gold,1,CRM
CUST002389,None,0,CRM
CUST002390,None,0,CRM
CUST002391,None,0,CRM
CUST002392,None,0,CRM
CUST002393,Platinum,1,CRM
CUST002394,Silver,0,CRM
CUST002395,None,0,CRM
CUST002396,Silver,0,CRM
CUST002397,Silver,0,CRM
CUST002398,None,0,CRM
CUST002399,None,0,CRM
CUST002400,None,0,CRM
CUST002401,Gold,1,CRM
CUST002402,Gold,1,CRM
CUST002403,None,0,CRM
CUST002404,Platinum,1,CRM
CUST002405,None,0,CRM
CUST002406,None,0,CRM
CUST002407,None,0,CRM
CUST002408,None,0,CRM
CUST002409,Gold,1,CRM
CUST002410,Silver,0,CRM
CUST002411,None,0,CRM
CUST002412,None,0,CRM
CUST002413,Silver,0,CRM
CUST002414,None,0,CRM
CUST002415,Silver,0,CRM
CUST002416,Silver,0,CRM
CUST002417,Silver,0,CRM
CUST002418,Silver,0,CRM
CUST002419,None,0,CRM
CUST002420,None,0,CRM
CUST002421,Silver,0,CRM
CUST002422,None,0,CRM
CUST002423,Silver,0,CRM
CUST002424,None,0,CRM
CUST002425,None,0,CRM
CUST002426,None,0,CRM
CUST002427,Silver,0,CRM
CUST002428,None,0,CRM
CUST002429,Silver,0,CRM
CUST002430,None,0,CRM
CUST002431,None,0,CRM
CUST002432,Silver,0,CRM
CUST002433,Platinum,1,CRM
CUST002434,None,0,CRM
CUST002435,None,0,CRM
CUST002436,None,0,CRM
CUST002437,None,0,CRM
CUST002438,None,0,CRM
CUST002439,None,0,CRM
CUST002440,Silver,0,CRM
CUST002441,None,0,CRM
CUST002442,Gold,1,CRM
CUST002443,Silver,0,CRM
CUST002444,Gold,1,CRM
CUST002445,Silver,0,CRM
CUST002446,Silver,0,CRM
CUST002447,None,0,CRM
CUST002448,Silver,0,CRM
CUST002449,None,0,CRM
CUST002450,None,0,CRM
CUST002451,Silver,0,CRM
CUST002452,None,0,CRM
CUST002453,Platinum,1,CRM
CUST002454,Silver,0,CRM
CUST002455,Gold,1,CRM
CUST002456,Gold,1,CRM
CUST002457,None,0,CRM
CUST002458,Gold,1,CRM
CUST002459,None,0,CRM
CUST002460,None,0,CRM
CUST002461,Platinum,1,CRM
CUST002462,Silver,0,CRM
CUST002463,Silver,0,CRM
CUST002464,Platinum,1,CRM
CUST002465,Silver,0,CRM
CUST002466,None,0,CRM
CUST002467,Silver,0,CRM
CUST002468,Silver,0,CRM
CUST002469,Silver,0,CRM
CUST002470,Platinum,1,CRM
CUST002471,Silver,0,CRM
CUST002472,Platinum,1,CRM
CUST002473,Silver,0,CRM
CUST002474,Platinum,1,CRM
CUST002475,None,0,CRM
CUST002476,None,0,CRM
CUST002477,None,0,CRM
CUST002478,Gold,1,CRM
CUST002479,Gold,1,CRM
CUST002480,Silver,0,CRM
CUST002481,None,0,CRM
CUST002482,None,0,CRM
CUST002483,None,0,CRM
CUST002484,None,0,CRM
CUST002485,None,0,CRM
CUST002486,Platinum,1,CRM
CUST002487,None,0,CRM
CUST002488,None,0,CRM
CUST002489,None,0,CRM
CUST002490,None,0,CRM
CUST002491,None,0,CRM
CUST002492,Silver,0,CRM
CUST002493,Silver,0,CRM
CUST002494,Gold,1,CRM
CUST002495,None,0,CRM
CUST002496,Silver,0,CRM
CUST002497,Silver,0,CRM
CUST002498,Silver,0,CRM
CUST002499,None,0,CRM
